LOAN,MORTDUE,VALUE,REASON,JOB,YOJ,DEROG,DELINQ,CLAGE,NINQ,CLNO,DEBTINC
14200,34558,40754,HomeImp,Other,8,0,0,76.431213214,2,11,31.041183878
14200,,31671,DebtCon,Other,13,,,82.99126514,2,8,33.215104024
14700,30306,44195,HomeImp,Other,9,0,1,87.431226279,2,12,29.404935156
14700,47177,68456,HomeImp,ProfExe,3,0,0,193.68506884,2,18,34.542533238
14700,30210,42751,DebtCon,Mgr,17,0,0,86.641823326,0,17,23.397362241